country_code,country_name,period,inflation
CZ,Czech Republic,1997-01,7.2
CZ,Czech Republic,1997-02,7.0
CZ,Czech Republic,1997-03,6.6
CZ,Czech Republic,1997-04,6.4
CZ,Czech Republic,1997-05,6.0
CZ,Czech Republic,1997-06,6.5
CZ,Czech Republic,1997-07,8.8
CZ,Czech Republic,1997-08,9.4
CZ,Czech Republic,1997-09,9.6
CZ,Czech Republic,1997-10,9.7
CZ,Czech Republic,1997-11,9.7
CZ,Czech Republic,1997-12,9.4
CZ,Czech Republic,1998-01,12.1
CZ,Czech Republic,1998-02,12.4
CZ,Czech Republic,1998-03,12.4
CZ,Czech Republic,1998-04,12.0
CZ,Czech Republic,1998-05,12.0
CZ,Czech Republic,1998-06,11.0
CZ,Czech Republic,1998-07,9.6
CZ,Czech Republic,1998-08,8.4
CZ,Czech Republic,1998-09,8.0
CZ,Czech Republic,1998-10,7.2
CZ,Czech Republic,1998-11,6.4
CZ,Czech Republic,1998-12,5.9
CZ,Czech Republic,1999-01,3.1
CZ,Czech Republic,1999-02,2.5
CZ,Czech Republic,1999-03,2.0
CZ,Czech Republic,1999-04,2.0
CZ,Czech Republic,1999-05,1.9
CZ,Czech Republic,1999-06,1.7
CZ,Czech Republic,1999-07,0.8
CZ,Czech Republic,1999-08,1.1
CZ,Czech Republic,1999-09,1.0
CZ,Czech Republic,1999-10,1.3
CZ,Czech Republic,1999-11,1.9
CZ,Czech Republic,1999-12,2.4
CZ,Czech Republic,2000-01,3.4
CZ,Czech Republic,2000-02,3.5
CZ,Czech Republic,2000-03,3.8
CZ,Czech Republic,2000-04,3.4
CZ,Czech Republic,2000-05,3.7
CZ,Czech Republic,2000-06,4.1
CZ,Czech Republic,2000-07,4.1
CZ,Czech Republic,2000-08,4.2
CZ,Czech Republic,2000-09,4.2
CZ,Czech Republic,2000-10,4.5
CZ,Czech Republic,2000-11,4.3
CZ,Czech Republic,2000-12,4.0
CZ,Czech Republic,2001-01,4.1
CZ,Czech Republic,2001-02,4.0
CZ,Czech Republic,2001-03,4.1
CZ,Czech Republic,2001-04,4.7
CZ,Czech Republic,2001-05,5.1
CZ,Czech Republic,2001-06,5.3
CZ,Czech Republic,2001-07,5.4
CZ,Czech Republic,2001-08,5.1
CZ,Czech Republic,2001-09,4.6
CZ,Czech Republic,2001-10,4.3
CZ,Czech Republic,2001-11,3.9
CZ,Czech Republic,2001-12,3.9
CZ,Czech Republic,2002-01,3.4
CZ,Czech Republic,2002-02,3.4
CZ,Czech Republic,2002-03,3.3
CZ,Czech Republic,2002-04,2.9
CZ,Czech Republic,2002-05,2.1
CZ,Czech Republic,2002-06,0.9
CZ,Czech Republic,2002-07,0.3
CZ,Czech Republic,2002-08,0.3
CZ,Czech Republic,2002-09,0.4
CZ,Czech Republic,2002-10,0.1
CZ,Czech Republic,2002-11,0.3
CZ,Czech Republic,2002-12,0.1
CZ,Czech Republic,2003-01,-0.8
CZ,Czech Republic,2003-02,-0.5
CZ,Czech Republic,2003-03,-0.6
CZ,Czech Republic,2003-04,-0.4
CZ,Czech Republic,2003-05,-0.3
CZ,Czech Republic,2003-06,0.0
CZ,Czech Republic,2003-07,-0.3
CZ,Czech Republic,2003-08,-0.3
CZ,Czech Republic,2003-09,0.0
CZ,Czech Republic,2003-10,0.4
CZ,Czech Republic,2003-11,0.8
CZ,Czech Republic,2003-12,1.0
CZ,Czech Republic,2004-01,2.1
CZ,Czech Republic,2004-02,1.9
CZ,Czech Republic,2004-03,2.2
CZ,Czech Republic,2004-04,2.0
CZ,Czech Republic,2004-05,2.6
CZ,Czech Republic,2004-06,2.8
CZ,Czech Republic,2004-07,3.1
CZ,Czech Republic,2004-08,3.2
CZ,Czech Republic,2004-09,2.8
CZ,Czech Republic,2004-10,3.2
CZ,Czech Republic,2004-11,2.8
CZ,Czech Republic,2004-12,2.4
CZ,Czech Republic,2005-01,1.5
CZ,Czech Republic,2005-02,1.4
CZ,Czech Republic,2005-03,1.3
CZ,Czech Republic,2005-04,1.4
CZ,Czech Republic,2005-05,0.9
CZ,Czech Republic,2005-06,1.2
CZ,Czech Republic,2005-07,1.4
CZ,Czech Republic,2005-08,1.4
CZ,Czech Republic,2005-09,2.0
CZ,Czech Republic,2005-10,2.4
CZ,Czech Republic,2005-11,2.1
CZ,Czech Republic,2005-12,2.0
CZ,Czech Republic,2006-01,2.5
CZ,Czech Republic,2006-02,2.5
CZ,Czech Republic,2006-03,2.4
CZ,Czech Republic,2006-04,2.3
CZ,Czech Republic,2006-05,2.8
CZ,Czech Republic,2006-06,2.3
CZ,Czech Republic,2006-07,2.3
CZ,Czech Republic,2006-08,2.6
CZ,Czech Republic,2006-09,2.2
CZ,Czech Republic,2006-10,0.8
CZ,Czech Republic,2006-11,1.0
CZ,Czech Republic,2006-12,1.5
CZ,Czech Republic,2007-01,1.3
CZ,Czech Republic,2007-02,1.6
CZ,Czech Republic,2007-03,2.1
CZ,Czech Republic,2007-04,2.5
CZ,Czech Republic,2007-05,2.4
CZ,Czech Republic,2007-06,2.6
CZ,Czech Republic,2007-07,2.6
CZ,Czech Republic,2007-08,2.6
CZ,Czech Republic,2007-09,2.9
CZ,Czech Republic,2007-10,4.0
CZ,Czech Republic,2007-11,5.2
CZ,Czech Republic,2007-12,5.4
CZ,Czech Republic,2008-01,7.9
CZ,Czech Republic,2008-02,7.7
CZ,Czech Republic,2008-03,7.1
CZ,Czech Republic,2008-04,6.8
CZ,Czech Republic,2008-05,6.8
CZ,Czech Republic,2008-06,6.7
CZ,Czech Republic,2008-07,6.8
CZ,Czech Republic,2008-08,6.3
CZ,Czech Republic,2008-09,6.3
CZ,Czech Republic,2008-10,5.8
CZ,Czech Republic,2008-11,4.1
CZ,Czech Republic,2008-12,3.3
CZ,Czech Republic,2009-01,1.4
CZ,Czech Republic,2009-02,1.3
CZ,Czech Republic,2009-03,1.8
CZ,Czech Republic,2009-04,1.2
CZ,Czech Republic,2009-05,1.0
CZ,Czech Republic,2009-06,0.8
CZ,Czech Republic,2009-07,-0.1
CZ,Czech Republic,2009-08,0.0
CZ,Czech Republic,2009-09,-0.3
CZ,Czech Republic,2009-10,-0.5
CZ,Czech Republic,2009-11,0.1
CZ,Czech Republic,2009-12,0.6
CZ,Czech Republic,2010-01,0.2
CZ,Czech Republic,2010-02,0.3
CZ,Czech Republic,2010-03,0.3
CZ,Czech Republic,2010-04,0.9
CZ,Czech Republic,2010-05,1.0
CZ,Czech Republic,2010-06,0.9
CZ,Czech Republic,2010-07,1.6
CZ,Czech Republic,2010-08,1.5
CZ,Czech Republic,2010-09,1.9
CZ,Czech Republic,2010-10,1.7
CZ,Czech Republic,2010-11,1.9
CZ,Czech Republic,2010-12,2.3
CZ,Czech Republic,2011-01,2.0
CZ,Czech Republic,2011-02,2.0
CZ,Czech Republic,2011-03,1.8
CZ,Czech Republic,2011-04,1.6
CZ,Czech Republic,2011-05,1.9
CZ,Czech Republic,2011-06,2.0
CZ,Czech Republic,2011-07,1.9
CZ,Czech Republic,2011-08,2.0
CZ,Czech Republic,2011-09,2.2
CZ,Czech Republic,2011-10,2.7
CZ,Czech Republic,2011-11,2.9
CZ,Czech Republic,2011-12,2.8
CZ,Czech Republic,2012-01,3.8
CZ,Czech Republic,2012-02,3.9
CZ,Czech Republic,2012-03,4.1
CZ,Czech Republic,2012-04,3.9
CZ,Czech Republic,2012-05,3.6
CZ,Czech Republic,2012-06,3.8
CZ,Czech Republic,2012-07,3.4
CZ,Czech Republic,2012-08,3.5
CZ,Czech Republic,2012-09,3.5
CZ,Czech Republic,2012-10,3.6
CZ,Czech Republic,2012-11,2.8
CZ,Czech Republic,2012-12,2.4
CZ,Czech Republic,2013-01,2.0
CZ,Czech Republic,2013-02,1.7
CZ,Czech Republic,2013-03,1.5
CZ,Czech Republic,2013-04,1.7
CZ,Czech Republic,2013-05,1.2
CZ,Czech Republic,2013-06,1.5
CZ,Czech Republic,2013-07,1.4
CZ,Czech Republic,2013-08,1.2
CZ,Czech Republic,2013-09,1.0
CZ,Czech Republic,2013-10,0.8
CZ,Czech Republic,2013-11,1.0
CZ,Czech Republic,2013-12,1.5
CZ,Czech Republic,2014-01,0.3
CZ,Czech Republic,2014-02,0.3
CZ,Czech Republic,2014-03,0.3
CZ,Czech Republic,2014-04,0.1
CZ,Czech Republic,2014-05,0.5
CZ,Czech Republic,2014-06,0.0
CZ,Czech Republic,2014-07,0.5
CZ,Czech Republic,2014-08,0.7
CZ,Czech Republic,2014-09,0.8
CZ,Czech Republic,2014-10,0.8
CZ,Czech Republic,2014-11,0.6
CZ,Czech Republic,2014-12,0.0
CZ,Czech Republic,2015-01,-0.1
CZ,Czech Republic,2015-02,0.0
CZ,Czech Republic,2015-03,0.1
CZ,Czech Republic,2015-04,0.5
CZ,Czech Republic,2015-05,0.7
CZ,Czech Republic,2015-06,0.9
CZ,Czech Republic,2015-07,0.5
CZ,Czech Republic,2015-08,0.2
CZ,Czech Republic,2015-09,0.3
CZ,Czech Republic,2015-10,0.1
CZ,Czech Republic,2015-11,0.0
CZ,Czech Republic,2015-12,-0.1
CZ,Czech Republic,2016-01,0.5
CZ,Czech Republic,2016-02,0.5
CZ,Czech Republic,2016-03,0.3
CZ,Czech Republic,2016-04,0.5
CZ,Czech Republic,2016-05,0.0
CZ,Czech Republic,2016-06,-0.1
CZ,Czech Republic,2016-07,0.5
CZ,Czech Republic,2016-08,0.6
CZ,Czech Republic,2016-09,0.5
CZ,Czech Republic,2016-10,0.8
CZ,Czech Republic,2016-11,1.6
CZ,Czech Republic,2016-12,2.1
CZ,Czech Republic,2017-01,2.3
CZ,Czech Republic,2017-02,2.6
CZ,Czech Republic,2017-03,2.6
CZ,Czech Republic,2017-04,2.1
CZ,Czech Republic,2017-05,2.5
CZ,Czech Republic,2017-06,2.4
CZ,Czech Republic,2017-07,2.4
CZ,Czech Republic,2017-08,2.4
CZ,Czech Republic,2017-09,2.5
CZ,Czech Republic,2017-10,2.8
CZ,Czech Republic,2017-11,2.5
CZ,Czech Republic,2017-12,2.2
CZ,Czech Republic,2018-01,2.1
CZ,Czech Republic,2018-02,1.6
CZ,Czech Republic,2018-03,1.6
CZ,Czech Republic,2018-04,1.8
CZ,Czech Republic,2018-05,2.0
CZ,Czech Republic,2018-06,2.4
CZ,Czech Republic,2018-07,2.2
CZ,Czech Republic,2018-08,2.4
CZ,Czech Republic,2018-09,2.1
CZ,Czech Republic,2018-10,2.0
CZ,Czech Republic,2018-11,1.6
CZ,Czech Republic,2018-12,1.6
CZ,Czech Republic,2019-01,2.0
CZ,Czech Republic,2019-02,2.4
CZ,Czech Republic,2019-03,2.6
CZ,Czech Republic,2019-04,2.4
CZ,Czech Republic,2019-05,2.6
CZ,Czech Republic,2019-06,2.4
CZ,Czech Republic,2019-07,2.6
CZ,Czech Republic,2019-08,2.6
CZ,Czech Republic,2019-09,2.6
CZ,Czech Republic,2019-10,2.6
CZ,Czech Republic,2019-11,3.0
CZ,Czech Republic,2019-12,3.2
CZ,Czech Republic,2020-01,3.8
CZ,Czech Republic,2020-02,3.7
CZ,Czech Republic,2020-03,3.6
CZ,Czech Republic,2020-04,3.3
CZ,Czech Republic,2020-05,3.1
CZ,Czech Republic,2020-06,3.4
CZ,Czech Republic,2020-07,3.6
CZ,Czech Republic,2020-08,3.5
CZ,Czech Republic,2020-09,3.3
CZ,Czech Republic,2020-10,2.9
CZ,Czech Republic,2020-11,2.8
CZ,Czech Republic,2020-12,2.4
CZ,Czech Republic,2021-01,2.2
CZ,Czech Republic,2021-02,2.1
CZ,Czech Republic,2021-03,2.3
CZ,Czech Republic,2021-04,3.1
CZ,Czech Republic,2021-05,2.7
CZ,Czech Republic,2021-06,2.5
CZ,Czech Republic,2021-07,2.7
CZ,Czech Republic,2021-08,3.1
CZ,Czech Republic,2021-09,4.0
CZ,Czech Republic,2021-10,4.8
CZ,Czech Republic,2021-11,4.8
CZ,Czech Republic,2021-12,5.4
CZ,Czech Republic,2022-01,8.8
CZ,Czech Republic,2022-02,10.0
CZ,Czech Republic,2022-03,11.9
CZ,Czech Republic,2022-04,13.2
CZ,Czech Republic,2022-05,15.2
CZ,Czech Republic,2022-06,16.6
CZ,Czech Republic,2022-07,17.3
CZ,Czech Republic,2022-08,17.1
CZ,Czech Republic,2022-09,17.8
CZ,Czech Republic,2022-10,15.5
CZ,Czech Republic,2022-11,17.2
CZ,Czech Republic,2022-12,16.8
CZ,Czech Republic,2023-01,19.1
CZ,Czech Republic,2023-02,18.4
CZ,Czech Republic,2023-03,16.5
CZ,Czech Republic,2023-04,14.3
CZ,Czech Republic,2023-05,12.5
CZ,Czech Republic,2023-06,11.2
CZ,Czech Republic,2023-07,10.2
CZ,Czech Republic,2023-08,10.1
CZ,Czech Republic,2023-09,8.3
CZ,Czech Republic,2023-10,9.5
CZ,Czech Republic,2023-11,8.0
CZ,Czech Republic,2023-12,7.6
CZ,Czech Republic,2024-01,2.7
CZ,Czech Republic,2024-02,2.2
CZ,Czech Republic,2024-03,2.2
CZ,Czech Republic,2024-04,3.1
CZ,Czech Republic,2024-05,2.8
CZ,Czech Republic,2024-06,2.2
CZ,Czech Republic,2024-07,2.5
CZ,Czech Republic,2024-08,2.4
CZ,Czech Republic,2024-09,2.8
CZ,Czech Republic,2024-10,3.0
CZ,Czech Republic,2024-11,3.1
CZ,Czech Republic,2024-12,3.3
CZ,Czech Republic,2025-01,2.9
CZ,Czech Republic,2025-02,2.8
CZ,Czech Republic,2025-03,2.7
CZ,Czech Republic,2025-04,1.7
CZ,Czech Republic,2025-05,2.3
CZ,Czech Republic,2025-06,2.8
CZ,Czech Republic,2025-07,2.5
CZ,Czech Republic,2025-08,2.4
CZ,Czech Republic,2025-09,2.0
CZ,Czech Republic,2025-10,2.3
CZ,Czech Republic,2025-11,1.8
CZ,Czech Republic,2025-12,1.8
SK,Slovakia,1997-01,5.7
SK,Slovakia,1997-02,6.0
SK,Slovakia,1997-03,6.3
SK,Slovakia,1997-04,6.4
SK,Slovakia,1997-05,5.9
SK,Slovakia,1997-06,6.1
SK,Slovakia,1997-07,5.9
SK,Slovakia,1997-08,6.4
SK,Slovakia,1997-09,5.5
SK,Slovakia,1997-10,5.7
SK,Slovakia,1997-11,6.0
SK,Slovakia,1997-12,6.2
SK,Slovakia,1998-01,7.1
SK,Slovakia,1998-02,7.4
SK,Slovakia,1998-03,7.1
SK,Slovakia,1998-04,7.1
SK,Slovakia,1998-05,7.7
SK,Slovakia,1998-06,7.5
SK,Slovakia,1998-07,7.0
SK,Slovakia,1998-08,5.6
SK,Slovakia,1998-09,5.9
SK,Slovakia,1998-10,6.3
SK,Slovakia,1998-11,6.1
SK,Slovakia,1998-12,5.7
SK,Slovakia,1999-01,6.8
SK,Slovakia,1999-02,6.8
SK,Slovakia,1999-03,6.9
SK,Slovakia,1999-04,7.0
SK,Slovakia,1999-05,6.5
SK,Slovakia,1999-06,6.9
SK,Slovakia,1999-07,13.6
SK,Slovakia,1999-08,14.4
SK,Slovakia,1999-09,14.6
SK,Slovakia,1999-10,13.9
SK,Slovakia,1999-11,13.8
SK,Slovakia,1999-12,14.1
SK,Slovakia,2000-01,13.7
SK,Slovakia,2000-02,16.7
SK,Slovakia,2000-03,16.8
SK,Slovakia,2000-04,16.2
SK,Slovakia,2000-05,16.3
SK,Slovakia,2000-06,15.7
SK,Slovakia,2000-07,9.3
SK,Slovakia,2000-08,8.8
SK,Slovakia,2000-09,8.8
SK,Slovakia,2000-10,8.7
SK,Slovakia,2000-11,8.6
SK,Slovakia,2000-12,8.4
SK,Slovakia,2001-01,7.5
SK,Slovakia,2001-02,6.3
SK,Slovakia,2001-03,6.6
SK,Slovakia,2001-04,7.1
SK,Slovakia,2001-05,7.3
SK,Slovakia,2001-06,7.5
SK,Slovakia,2001-07,8.0
SK,Slovakia,2001-08,7.7
SK,Slovakia,2001-09,7.3
SK,Slovakia,2001-10,6.9
SK,Slovakia,2001-11,6.8
SK,Slovakia,2001-12,6.7
SK,Slovakia,2002-01,6.5
SK,Slovakia,2002-02,4.4
SK,Slovakia,2002-03,3.8
SK,Slovakia,2002-04,3.7
SK,Slovakia,2002-05,3.3
SK,Slovakia,2002-06,2.8
SK,Slovakia,2002-07,2.2
SK,Slovakia,2002-08,3.0
SK,Slovakia,2002-09,3.1
SK,Slovakia,2002-10,3.3
SK,Slovakia,2002-11,3.0
SK,Slovakia,2002-12,3.2
SK,Slovakia,2003-01,7.1
SK,Slovakia,2003-02,7.4
SK,Slovakia,2003-03,8.0
SK,Slovakia,2003-04,7.7
SK,Slovakia,2003-05,7.6
SK,Slovakia,2003-06,8.3
SK,Slovakia,2003-07,8.5
SK,Slovakia,2003-08,9.0
SK,Slovakia,2003-09,9.3
SK,Slovakia,2003-10,9.3
SK,Slovakia,2003-11,9.5
SK,Slovakia,2003-12,9.4
SK,Slovakia,2004-01,8.3
SK,Slovakia,2004-02,8.4
SK,Slovakia,2004-03,8.0
SK,Slovakia,2004-04,7.9
SK,Slovakia,2004-05,8.2
SK,Slovakia,2004-06,8.2
SK,Slovakia,2004-07,8.4
SK,Slovakia,2004-08,7.1
SK,Slovakia,2004-09,6.6
SK,Slovakia,2004-10,6.6
SK,Slovakia,2004-11,6.2
SK,Slovakia,2004-12,5.9
SK,Slovakia,2005-01,3.2
SK,Slovakia,2005-02,2.7
SK,Slovakia,2005-03,2.4
SK,Slovakia,2005-04,2.6
SK,Slovakia,2005-05,2.4
SK,Slovakia,2005-06,2.6
SK,Slovakia,2005-07,2.1
SK,Slovakia,2005-08,2.1
SK,Slovakia,2005-09,2.3
SK,Slovakia,2005-10,3.5
SK,Slovakia,2005-11,3.6
SK,Slovakia,2005-12,3.8
SK,Slovakia,2006-01,4.1
SK,Slovakia,2006-02,4.3
SK,Slovakia,2006-03,4.3
SK,Slovakia,2006-04,4.4
SK,Slovakia,2006-05,4.8
SK,Slovakia,2006-06,4.5
SK,Slovakia,2006-07,5.0
SK,Slovakia,2006-08,5.0
SK,Slovakia,2006-09,4.5
SK,Slovakia,2006-10,3.1
SK,Slovakia,2006-11,3.6
SK,Slovakia,2006-12,3.7
SK,Slovakia,2007-01,2.2
SK,Slovakia,2007-02,2.0
SK,Slovakia,2007-03,2.0
SK,Slovakia,2007-04,2.0
SK,Slovakia,2007-05,1.5
SK,Slovakia,2007-06,1.5
SK,Slovakia,2007-07,1.2
SK,Slovakia,2007-08,1.2
SK,Slovakia,2007-09,1.7
SK,Slovakia,2007-10,2.4
SK,Slovakia,2007-11,2.3
SK,Slovakia,2007-12,2.5
SK,Slovakia,2008-01,3.2
SK,Slovakia,2008-02,3.4
SK,Slovakia,2008-03,3.6
SK,Slovakia,2008-04,3.6
SK,Slovakia,2008-05,4.0
SK,Slovakia,2008-06,4.3
SK,Slovakia,2008-07,4.4
SK,Slovakia,2008-08,4.5
SK,Slovakia,2008-09,4.6
SK,Slovakia,2008-10,4.2
SK,Slovakia,2008-11,3.9
SK,Slovakia,2008-12,3.5
SK,Slovakia,2009-01,2.7
SK,Slovakia,2009-02,2.4
SK,Slovakia,2009-03,1.8
SK,Slovakia,2009-04,1.4
SK,Slovakia,2009-05,1.1
SK,Slovakia,2009-06,0.7
SK,Slovakia,2009-07,0.6
SK,Slovakia,2009-08,0.5
SK,Slovakia,2009-09,0.0
SK,Slovakia,2009-10,-0.1
SK,Slovakia,2009-11,0.0
SK,Slovakia,2009-12,0.0
SK,Slovakia,2010-01,-0.2
SK,Slovakia,2010-02,-0.2
SK,Slovakia,2010-03,0.3
SK,Slovakia,2010-04,0.7
SK,Slovakia,2010-05,0.7
SK,Slovakia,2010-06,0.7
SK,Slovakia,2010-07,1.0
SK,Slovakia,2010-08,1.1
SK,Slovakia,2010-09,1.1
SK,Slovakia,2010-10,1.0
SK,Slovakia,2010-11,1.0
SK,Slovakia,2010-12,1.3
SK,Slovakia,2011-01,3.2
SK,Slovakia,2011-02,3.5
SK,Slovakia,2011-03,3.8
SK,Slovakia,2011-04,3.9
SK,Slovakia,2011-05,4.2
SK,Slovakia,2011-06,4.1
SK,Slovakia,2011-07,3.8
SK,Slovakia,2011-08,4.1
SK,Slovakia,2011-09,4.4
SK,Slovakia,2011-10,4.6
SK,Slovakia,2011-11,4.8
SK,Slovakia,2011-12,4.6
SK,Slovakia,2012-01,4.0
SK,Slovakia,2012-02,4.0
SK,Slovakia,2012-03,3.9
SK,Slovakia,2012-04,3.7
SK,Slovakia,2012-05,3.4
SK,Slovakia,2012-06,3.7
SK,Slovakia,2012-07,3.8
SK,Slovakia,2012-08,3.8
SK,Slovakia,2012-09,3.8
SK,Slovakia,2012-10,3.9
SK,Slovakia,2012-11,3.5
SK,Slovakia,2012-12,3.4
SK,Slovakia,2013-01,2.5
SK,Slovakia,2013-02,2.3
SK,Slovakia,2013-03,1.9
SK,Slovakia,2013-04,1.7
SK,Slovakia,2013-05,1.8
SK,Slovakia,2013-06,1.7
SK,Slovakia,2013-07,1.6
SK,Slovakia,2013-08,1.4
SK,Slovakia,2013-09,1.1
SK,Slovakia,2013-10,0.7
SK,Slovakia,2013-11,0.5
SK,Slovakia,2013-12,0.4
SK,Slovakia,2014-01,0.0
SK,Slovakia,2014-02,-0.1
SK,Slovakia,2014-03,-0.2
SK,Slovakia,2014-04,-0.2
SK,Slovakia,2014-05,0.0
SK,Slovakia,2014-06,-0.1
SK,Slovakia,2014-07,-0.1
SK,Slovakia,2014-08,-0.2
SK,Slovakia,2014-09,-0.1
SK,Slovakia,2014-10,0.0
SK,Slovakia,2014-11,0.0
SK,Slovakia,2014-12,-0.1
SK,Slovakia,2015-01,-0.5
SK,Slovakia,2015-02,-0.6
SK,Slovakia,2015-03,-0.4
SK,Slovakia,2015-04,-0.1
SK,Slovakia,2015-05,-0.1
SK,Slovakia,2015-06,-0.1
SK,Slovakia,2015-07,-0.2
SK,Slovakia,2015-08,-0.2
SK,Slovakia,2015-09,-0.5
SK,Slovakia,2015-10,-0.5
SK,Slovakia,2015-11,-0.4
SK,Slovakia,2015-12,-0.5
SK,Slovakia,2016-01,-0.6
SK,Slovakia,2016-02,-0.3
SK,Slovakia,2016-03,-0.5
SK,Slovakia,2016-04,-0.4
SK,Slovakia,2016-05,-0.7
SK,Slovakia,2016-06,-0.7
SK,Slovakia,2016-07,-0.9
SK,Slovakia,2016-08,-0.8
SK,Slovakia,2016-09,-0.5
SK,Slovakia,2016-10,-0.3
SK,Slovakia,2016-11,-0.2
SK,Slovakia,2016-12,0.2
SK,Slovakia,2017-01,0.8
SK,Slovakia,2017-02,1.2
SK,Slovakia,2017-03,1.0
SK,Slovakia,2017-04,0.8
SK,Slovakia,2017-05,1.1
SK,Slovakia,2017-06,1.0
SK,Slovakia,2017-07,1.5
SK,Slovakia,2017-08,1.6
SK,Slovakia,2017-09,1.8
SK,Slovakia,2017-10,1.8
SK,Slovakia,2017-11,2.1
SK,Slovakia,2017-12,2.0
SK,Slovakia,2018-01,2.6
SK,Slovakia,2018-02,2.2
SK,Slovakia,2018-03,2.5
SK,Slovakia,2018-04,3.0
SK,Slovakia,2018-05,2.7
SK,Slovakia,2018-06,2.9
SK,Slovakia,2018-07,2.6
SK,Slovakia,2018-08,2.9
SK,Slovakia,2018-09,2.7
SK,Slovakia,2018-10,2.5
SK,Slovakia,2018-11,2.0
SK,Slovakia,2018-12,1.9
SK,Slovakia,2019-01,2.2
SK,Slovakia,2019-02,2.3
SK,Slovakia,2019-03,2.7
SK,Slovakia,2019-04,2.4
SK,Slovakia,2019-05,2.7
SK,Slovakia,2019-06,2.7
SK,Slovakia,2019-07,3.0
SK,Slovakia,2019-08,3.0
SK,Slovakia,2019-09,3.0
SK,Slovakia,2019-10,2.9
SK,Slovakia,2019-11,3.2
SK,Slovakia,2019-12,3.2
SK,Slovakia,2020-01,3.2
SK,Slovakia,2020-02,3.1
SK,Slovakia,2020-03,2.4
SK,Slovakia,2020-04,2.1
SK,Slovakia,2020-05,2.1
SK,Slovakia,2020-06,1.8
SK,Slovakia,2020-07,1.8
SK,Slovakia,2020-08,1.4
SK,Slovakia,2020-09,1.4
SK,Slovakia,2020-10,1.6
SK,Slovakia,2020-11,1.6
SK,Slovakia,2020-12,1.6
SK,Slovakia,2021-01,0.7
SK,Slovakia,2021-02,0.9
SK,Slovakia,2021-03,1.5
SK,Slovakia,2021-04,1.7
SK,Slovakia,2021-05,2.0
SK,Slovakia,2021-06,2.5
SK,Slovakia,2021-07,2.9
SK,Slovakia,2021-08,3.3
SK,Slovakia,2021-09,4.0
SK,Slovakia,2021-10,4.4
SK,Slovakia,2021-11,4.8
SK,Slovakia,2021-12,5.1
SK,Slovakia,2022-01,7.7
SK,Slovakia,2022-02,8.3
SK,Slovakia,2022-03,9.6
SK,Slovakia,2022-04,10.9
SK,Slovakia,2022-05,11.8
SK,Slovakia,2022-06,12.6
SK,Slovakia,2022-07,12.8
SK,Slovakia,2022-08,13.4
SK,Slovakia,2022-09,13.6
SK,Slovakia,2022-10,14.5
SK,Slovakia,2022-11,15.1
SK,Slovakia,2022-12,15.0
SK,Slovakia,2023-01,15.1
SK,Slovakia,2023-02,15.4
SK,Slovakia,2023-03,14.8
SK,Slovakia,2023-04,14.0
SK,Slovakia,2023-05,12.3
SK,Slovakia,2023-06,11.3
SK,Slovakia,2023-07,10.3
SK,Slovakia,2023-08,9.6
SK,Slovakia,2023-09,9.0
SK,Slovakia,2023-10,7.8
SK,Slovakia,2023-11,6.9
SK,Slovakia,2023-12,6.6
SK,Slovakia,2024-01,4.4
SK,Slovakia,2024-02,3.8
SK,Slovakia,2024-03,2.7
SK,Slovakia,2024-04,2.4
SK,Slovakia,2024-05,2.6
SK,Slovakia,2024-06,2.4
SK,Slovakia,2024-07,3.0
SK,Slovakia,2024-08,3.2
SK,Slovakia,2024-09,2.9
SK,Slovakia,2024-10,3.5
SK,Slovakia,2024-11,3.6
SK,Slovakia,2024-12,3.2
SK,Slovakia,2025-01,4.2
SK,Slovakia,2025-02,4.1
SK,Slovakia,2025-03,4.2
SK,Slovakia,2025-04,3.9
SK,Slovakia,2025-05,4.3
SK,Slovakia,2025-06,4.6
SK,Slovakia,2025-07,4.6
SK,Slovakia,2025-08,4.4
SK,Slovakia,2025-09,4.6
SK,Slovakia,2025-10,3.9
SK,Slovakia,2025-11,3.9
SK,Slovakia,2025-12,4.1
EU27_2020,EU Average,2000-12,4.0
EU27_2020,EU Average,2001-01,3.5
EU27_2020,EU Average,2001-02,3.5
EU27_2020,EU Average,2001-03,3.6
EU27_2020,EU Average,2001-04,4.0
EU27_2020,EU Average,2001-05,4.4
EU27_2020,EU Average,2001-06,4.1
EU27_2020,EU Average,2001-07,3.7
EU27_2020,EU Average,2001-08,3.5
EU27_2020,EU Average,2001-09,3.3
EU27_2020,EU Average,2001-10,3.2
EU27_2020,EU Average,2001-11,3.0
EU27_2020,EU Average,2001-12,3.0
EU27_2020,EU Average,2002-01,3.4
EU27_2020,EU Average,2002-02,3.3
EU27_2020,EU Average,2002-03,3.2
EU27_2020,EU Average,2002-04,3.0
EU27_2020,EU Average,2002-05,2.6
EU27_2020,EU Average,2002-06,2.4
EU27_2020,EU Average,2002-07,2.5
EU27_2020,EU Average,2002-08,2.5
EU27_2020,EU Average,2002-09,2.5
EU27_2020,EU Average,2002-10,2.6
EU27_2020,EU Average,2002-11,2.5
EU27_2020,EU Average,2002-12,2.5
EU27_2020,EU Average,2003-01,2.3
EU27_2020,EU Average,2003-02,2.5
EU27_2020,EU Average,2003-03,2.5
EU27_2020,EU Average,2003-04,2.2
EU27_2020,EU Average,2003-05,2.0
EU27_2020,EU Average,2003-06,2.2
EU27_2020,EU Average,2003-07,2.1
EU27_2020,EU Average,2003-08,2.2
EU27_2020,EU Average,2003-09,2.3
EU27_2020,EU Average,2003-10,2.3
EU27_2020,EU Average,2003-11,2.4
EU27_2020,EU Average,2003-12,2.2
EU27_2020,EU Average,2004-01,2.1
EU27_2020,EU Average,2004-02,2.0
EU27_2020,EU Average,2004-03,2.0
EU27_2020,EU Average,2004-04,2.3
EU27_2020,EU Average,2004-05,2.8
EU27_2020,EU Average,2004-06,2.7
EU27_2020,EU Average,2004-07,2.7
EU27_2020,EU Average,2004-08,2.7
EU27_2020,EU Average,2004-09,2.5
EU27_2020,EU Average,2004-10,2.7
EU27_2020,EU Average,2004-11,2.5
EU27_2020,EU Average,2004-12,2.6
EU27_2020,EU Average,2005-01,2.1
EU27_2020,EU Average,2005-02,2.3
EU27_2020,EU Average,2005-03,2.3
EU27_2020,EU Average,2005-04,2.3
EU27_2020,EU Average,2005-05,2.1
EU27_2020,EU Average,2005-06,2.2
EU27_2020,EU Average,2005-07,2.3
EU27_2020,EU Average,2005-08,2.3
EU27_2020,EU Average,2005-09,2.7
EU27_2020,EU Average,2005-10,2.6
EU27_2020,EU Average,2005-11,2.4
EU27_2020,EU Average,2005-12,2.4
EU27_2020,EU Average,2006-01,2.5
EU27_2020,EU Average,2006-02,2.5
EU27_2020,EU Average,2006-03,2.3
EU27_2020,EU Average,2006-04,2.5
EU27_2020,EU Average,2006-05,2.6
EU27_2020,EU Average,2006-06,2.6
EU27_2020,EU Average,2006-07,2.5
EU27_2020,EU Average,2006-08,2.4
EU27_2020,EU Average,2006-09,2.0
EU27_2020,EU Average,2006-10,1.7
EU27_2020,EU Average,2006-11,2.0
EU27_2020,EU Average,2006-12,2.1
EU27_2020,EU Average,2007-01,2.0
EU27_2020,EU Average,2007-02,2.0
EU27_2020,EU Average,2007-03,2.1
EU27_2020,EU Average,2007-04,2.1
EU27_2020,EU Average,2007-05,2.1
EU27_2020,EU Average,2007-06,2.1
EU27_2020,EU Average,2007-07,2.0
EU27_2020,EU Average,2007-08,2.0
EU27_2020,EU Average,2007-09,2.4
EU27_2020,EU Average,2007-10,2.9
EU27_2020,EU Average,2007-11,3.4
EU27_2020,EU Average,2007-12,3.4
EU27_2020,EU Average,2008-01,3.7
EU27_2020,EU Average,2008-02,3.7
EU27_2020,EU Average,2008-03,4.0
EU27_2020,EU Average,2008-04,3.7
EU27_2020,EU Average,2008-05,4.1
EU27_2020,EU Average,2008-06,4.4
EU27_2020,EU Average,2008-07,4.5
EU27_2020,EU Average,2008-08,4.2
EU27_2020,EU Average,2008-09,4.0
EU27_2020,EU Average,2008-10,3.6
EU27_2020,EU Average,2008-11,2.5
EU27_2020,EU Average,2008-12,2.0
EU27_2020,EU Average,2009-01,1.6
EU27_2020,EU Average,2009-02,1.6
EU27_2020,EU Average,2009-03,1.1
EU27_2020,EU Average,2009-04,1.1
EU27_2020,EU Average,2009-05,0.6
EU27_2020,EU Average,2009-06,0.4
EU27_2020,EU Average,2009-07,0.0
EU27_2020,EU Average,2009-08,0.4
EU27_2020,EU Average,2009-09,0.2
EU27_2020,EU Average,2009-10,0.3
EU27_2020,EU Average,2009-11,0.9
EU27_2020,EU Average,2009-12,1.3
EU27_2020,EU Average,2010-01,1.3
EU27_2020,EU Average,2010-02,1.2
EU27_2020,EU Average,2010-03,1.8
EU27_2020,EU Average,2010-04,1.8
EU27_2020,EU Average,2010-05,1.8
EU27_2020,EU Average,2010-06,1.6
EU27_2020,EU Average,2010-07,1.9
EU27_2020,EU Average,2010-08,1.8
EU27_2020,EU Average,2010-09,2.1
EU27_2020,EU Average,2010-10,2.2
EU27_2020,EU Average,2010-11,2.2
EU27_2020,EU Average,2010-12,2.5
EU27_2020,EU Average,2011-01,2.5
EU27_2020,EU Average,2011-02,2.6
EU27_2020,EU Average,2011-03,2.9
EU27_2020,EU Average,2011-04,3.0
EU27_2020,EU Average,2011-05,3.0
EU27_2020,EU Average,2011-06,2.9
EU27_2020,EU Average,2011-07,2.7
EU27_2020,EU Average,2011-08,2.7
EU27_2020,EU Average,2011-09,3.0
EU27_2020,EU Average,2011-10,3.1
EU27_2020,EU Average,2011-11,3.1
EU27_2020,EU Average,2011-12,2.8
EU27_2020,EU Average,2012-01,2.8
EU27_2020,EU Average,2012-02,2.8
EU27_2020,EU Average,2012-03,2.8
EU27_2020,EU Average,2012-04,2.7
EU27_2020,EU Average,2012-05,2.5
EU27_2020,EU Average,2012-06,2.5
EU27_2020,EU Average,2012-07,2.5
EU27_2020,EU Average,2012-08,2.7
EU27_2020,EU Average,2012-09,2.8
EU27_2020,EU Average,2012-10,2.7
EU27_2020,EU Average,2012-11,2.3
EU27_2020,EU Average,2012-12,2.3
EU27_2020,EU Average,2013-01,2.0
EU27_2020,EU Average,2013-02,1.9
EU27_2020,EU Average,2013-03,1.7
EU27_2020,EU Average,2013-04,1.2
EU27_2020,EU Average,2013-05,1.4
EU27_2020,EU Average,2013-06,1.5
EU27_2020,EU Average,2013-07,1.6
EU27_2020,EU Average,2013-08,1.3
EU27_2020,EU Average,2013-09,1.0
EU27_2020,EU Average,2013-10,0.7
EU27_2020,EU Average,2013-11,0.8
EU27_2020,EU Average,2013-12,0.8
EU27_2020,EU Average,2014-01,0.7
EU27_2020,EU Average,2014-02,0.7
EU27_2020,EU Average,2014-03,0.4
EU27_2020,EU Average,2014-04,0.6
EU27_2020,EU Average,2014-05,0.5
EU27_2020,EU Average,2014-06,0.5
EU27_2020,EU Average,2014-07,0.4
EU27_2020,EU Average,2014-08,0.3
EU27_2020,EU Average,2014-09,0.3
EU27_2020,EU Average,2014-10,0.3
EU27_2020,EU Average,2014-11,0.3
EU27_2020,EU Average,2014-12,-0.2
EU27_2020,EU Average,2015-01,-0.6
EU27_2020,EU Average,2015-02,-0.3
EU27_2020,EU Average,2015-03,-0.1
EU27_2020,EU Average,2015-04,0.1
EU27_2020,EU Average,2015-05,0.5
EU27_2020,EU Average,2015-06,0.4
EU27_2020,EU Average,2015-07,0.4
EU27_2020,EU Average,2015-08,0.3
EU27_2020,EU Average,2015-09,0.1
EU27_2020,EU Average,2015-10,0.3
EU27_2020,EU Average,2015-11,0.1
EU27_2020,EU Average,2015-12,0.2
EU27_2020,EU Average,2016-01,0.3
EU27_2020,EU Average,2016-02,-0.2
EU27_2020,EU Average,2016-03,-0.1
EU27_2020,EU Average,2016-04,-0.3
EU27_2020,EU Average,2016-05,-0.2
EU27_2020,EU Average,2016-06,0.0
EU27_2020,EU Average,2016-07,0.1
EU27_2020,EU Average,2016-08,0.2
EU27_2020,EU Average,2016-09,0.3
EU27_2020,EU Average,2016-10,0.5
EU27_2020,EU Average,2016-11,0.6
EU27_2020,EU Average,2016-12,1.1
EU27_2020,EU Average,2017-01,1.7
EU27_2020,EU Average,2017-02,1.9
EU27_2020,EU Average,2017-03,1.5
EU27_2020,EU Average,2017-04,1.8
EU27_2020,EU Average,2017-05,1.4
EU27_2020,EU Average,2017-06,1.3
EU27_2020,EU Average,2017-07,1.4
EU27_2020,EU Average,2017-08,1.6
EU27_2020,EU Average,2017-09,1.6
EU27_2020,EU Average,2017-10,1.5
EU27_2020,EU Average,2017-11,1.6
EU27_2020,EU Average,2017-12,1.4
EU27_2020,EU Average,2018-01,1.4
EU27_2020,EU Average,2018-02,1.2
EU27_2020,EU Average,2018-03,1.4
EU27_2020,EU Average,2018-04,1.3
EU27_2020,EU Average,2018-05,2.0
EU27_2020,EU Average,2018-06,2.0
EU27_2020,EU Average,2018-07,2.2
EU27_2020,EU Average,2018-08,2.1
EU27_2020,EU Average,2018-09,2.1
EU27_2020,EU Average,2018-10,2.3
EU27_2020,EU Average,2018-11,1.9
EU27_2020,EU Average,2018-12,1.6
EU27_2020,EU Average,2019-01,1.4
EU27_2020,EU Average,2019-02,1.6
EU27_2020,EU Average,2019-03,1.6
EU27_2020,EU Average,2019-04,1.9
EU27_2020,EU Average,2019-05,1.5
EU27_2020,EU Average,2019-06,1.5
EU27_2020,EU Average,2019-07,1.3
EU27_2020,EU Average,2019-08,1.3
EU27_2020,EU Average,2019-09,1.1
EU27_2020,EU Average,2019-10,1.0
EU27_2020,EU Average,2019-11,1.3
EU27_2020,EU Average,2019-12,1.6
EU27_2020,EU Average,2020-01,1.7
EU27_2020,EU Average,2020-02,1.6
EU27_2020,EU Average,2020-03,1.1
EU27_2020,EU Average,2020-04,0.6
EU27_2020,EU Average,2020-05,0.5
EU27_2020,EU Average,2020-06,0.7
EU27_2020,EU Average,2020-07,0.8
EU27_2020,EU Average,2020-08,0.4
EU27_2020,EU Average,2020-09,0.2
EU27_2020,EU Average,2020-10,0.2
EU27_2020,EU Average,2020-11,0.2
EU27_2020,EU Average,2020-12,0.2
EU27_2020,EU Average,2021-01,1.2
EU27_2020,EU Average,2021-02,1.3
EU27_2020,EU Average,2021-03,1.7
EU27_2020,EU Average,2021-04,2.0
EU27_2020,EU Average,2021-05,2.3
EU27_2020,EU Average,2021-06,2.2
EU27_2020,EU Average,2021-07,2.5
EU27_2020,EU Average,2021-08,3.2
EU27_2020,EU Average,2021-09,3.6
EU27_2020,EU Average,2021-10,4.4
EU27_2020,EU Average,2021-11,5.2
EU27_2020,EU Average,2021-12,5.3
EU27_2020,EU Average,2022-01,5.6
EU27_2020,EU Average,2022-02,6.2
EU27_2020,EU Average,2022-03,7.8
EU27_2020,EU Average,2022-04,8.1
EU27_2020,EU Average,2022-05,8.8
EU27_2020,EU Average,2022-06,9.6
EU27_2020,EU Average,2022-07,9.8
EU27_2020,EU Average,2022-08,10.1
EU27_2020,EU Average,2022-09,10.9
EU27_2020,EU Average,2022-10,11.5
EU27_2020,EU Average,2022-11,11.1
EU27_2020,EU Average,2022-12,10.4
EU27_2020,EU Average,2023-01,10.0
EU27_2020,EU Average,2023-02,9.9
EU27_2020,EU Average,2023-03,8.3
EU27_2020,EU Average,2023-04,8.1
EU27_2020,EU Average,2023-05,7.1
EU27_2020,EU Average,2023-06,6.4
EU27_2020,EU Average,2023-07,6.1
EU27_2020,EU Average,2023-08,5.9
EU27_2020,EU Average,2023-09,4.9
EU27_2020,EU Average,2023-10,3.6
EU27_2020,EU Average,2023-11,3.1
EU27_2020,EU Average,2023-12,3.4
EU27_2020,EU Average,2024-01,3.1
EU27_2020,EU Average,2024-02,2.8
EU27_2020,EU Average,2024-03,2.6
EU27_2020,EU Average,2024-04,2.6
EU27_2020,EU Average,2024-05,2.7
EU27_2020,EU Average,2024-06,2.6
EU27_2020,EU Average,2024-07,2.8
EU27_2020,EU Average,2024-08,2.4
EU27_2020,EU Average,2024-09,2.1
EU27_2020,EU Average,2024-10,2.3
EU27_2020,EU Average,2024-11,2.5
EU27_2020,EU Average,2024-12,2.7
EU27_2020,EU Average,2025-01,2.8
EU27_2020,EU Average,2025-02,2.7
EU27_2020,EU Average,2025-03,2.5
EU27_2020,EU Average,2025-04,2.4
EU27_2020,EU Average,2025-05,2.2
EU27_2020,EU Average,2025-06,2.3
EU27_2020,EU Average,2025-07,2.4
EU27_2020,EU Average,2025-08,2.4
EU27_2020,EU Average,2025-09,2.6
EU27_2020,EU Average,2025-10,2.5
EU27_2020,EU Average,2025-11,2.4
EU27_2020,EU Average,2025-12,2.3
